001,John Doe,85,A,25-05-2023 10:00:00
002,Jane Smith,78,B,25-05-2023 11:30:00
003,Robert Johnson,92,A,25-05-2023 13:15:00
004,Lisa Anderson,65,D,25-05-2023 14:45:00
005,Michael Lee,80,A,25-05-2023 16:30:00
006,Emily Wilson,77,C,25-05-2023 18:00:00
007,David Brown,89,B,26-05-2023 09:00:00
008,Sophia Davis,73,C,26-05-2023 10:30:00
009,Christopher Garcia,67,D,26-05-2023 12:15:00
010,Olivia Martinez,95,A,26-05-2023 13:45:00
011,Matthew Robinson,82,B,26-05-2023 15:30:00
012,Ava Clark,75,C,26-05-2023 17:00:00
013,Liam Rodriguez,88,B,27-05-2023 09:30:00
014,Emma Wilson,70,C,27-05-2023 11:00:00
015,Noah Martinez,83,B,27-05-2023 12:45:00
016,Isabella Thompson,76,C,27-05-2023 14:15:00
017,Sophia Johnson,93,A,27-05-2023 15:45:00
018,Elijah Thomas,68,D,27-05-2023 17:30:00
019,Charlotte Garcia,81,B,28-05-2023 09:00:00
020,Aiden Moore,74,C,28-05-2023 10:30:00
021,Mia Walker,86,A,28-05-2023 12:15:00
022,Grayson White,69,D,28-05-2023 13:45:00
023,Amelia Allen,79,B,28-05-2023 15:30:00
024,James Young,72,C,28-05-2023 17:00:00
025,Harper Hernandez,90,A,29-05-2023 09:30:00
026,Evelyn Lewis,71,C,29-05-2023 11:00:00
027,Lincoln King,84,B,29-05-2023 12:45:00
028,Luna Hill,66,D,29-05-2023 14:15:00
029,Ellie Davis,87,B,29-05-2023 15:45:00
030,Carter Miller,75,C,29-05-2023 17:30:00
031,Leo Adams,94,A,30-05-2023 09:00:00
032,Aria Lee,77,C,30-05-2023 10:30:00
033,Jack Moore,80,A,30-05-2023 12:15:00
034,Scarlett Lewis,63,D,30-05-2023 13:45:00
035,Lucas Thompson,89,B,30-05-2023 15:30:00
036,Riley Wilson,72,C,30-05-2023 17:00:00
037,Chloe Allen,91,A,31-05-2023 09:30:00
038,Benjamin Young,76,C,31-05-2023 11:00:00
039,Lily Hernandez,79,B,31-05-2023 12:45:00
040,Samuel Hill,67,D,31-05-2023 14:15:00
041,Eleanor Davis,88,B,31-05-2023 15:45:00
042,Sebastian Miller,73,C,31-05-2023 17:30:00
043,Grace Adams,96,A,01-06-2023 09:00:00
044,Abigail Lee,75,C,01-06-2023 10:30:00
045,Christopher Clark,82,B,01-06-2023 12:15:00
046,Mila Rodriguez,64,D,01-06-2023 13:45:00
047,Liam Thompson,83,B,01-06-2023 15:30:00
048,Avery Wilson,78,C,01-06-2023 17:00:00
049,Evelyn Johnson,97,A,02-06-2023 09:30:00
050,Ella Davis,71,C,02-06-2023 11:00:00
051,Lucas Brown,85,A,02-06-2023 12:45:00
052,Scarlett Smith,66,D,02-06-2023 14:15:00
053,Aiden Anderson,88,B,02-06-2023 15:45:00
054,Charlotte Wilson,74,C,02-06-2023 17:30:00
055,Mason Davis,95,A,03-06-2023 09:00:00
056,Sofia Garcia,77,C,03-06-2023 10:30:00
057,Liam Hernandez,80,A,03-06-2023 12:15:00
058,Harper Young,63,D,03-06-2023 13:45:00
059,Emily Thompson,89,B,03-06-2023 15:30:00
060,Mila Miller,72,C,03-06-2023 17:00:00
061,James Allen,92,A,04-06-2023 09:30:00
062,Avery Moore,75,C,04-06-2023 11:00:00
063,Evelyn Walker,81,B,04-06-2023 12:45:00
064,Isabella Wilson,68,D,04-06-2023 14:15:00
065,Lincoln Clark,87,B,04-06-2023 15:45:00
066,Chloe Lewis,70,C,04-06-2023 17:30:00
067,Ethan Adams,93,A,05-06-2023 09:00:00
068,Ella Lee,76,C,05-06-2023 10:30:00
069,Lucas Moore,83,B,05-06-2023 12:15:00
070,Lily Hernandez,65,D,05-06-2023 13:45:00
071,Noah Thompson,84,B,05-06-2023 15:30:00
072,Grace Wilson,79,C,05-06-2023 17:00:00
073,Mia Allen,90,A,06-06-2023 09:30:00
074,Carter Davis,73,C,06-06-2023 11:00:00
075,Liam Brown,86,A,06-06-2023 12:45:00
076,Emma Smith,69,D,06-06-2023 14:15:00
077,Avery Thompson,88,B,06-06-2023 15:45:00
078,Scarlett Wilson,72,C,06-06-2023 17:30:00
079,Lucas Adams,91,A,07-06-2023 09:00:00
080,Evelyn Lee,74,C,07-06-2023 10:30:00
081,Liam Moore,77,B,07-06-2023 12:15:00
082,Chloe Clark,62,D,07-06-2023 13:45:00
083,Ella Thompson,83,B,07-06-2023 15:30:00
084,James Wilson,76,C,07-06-2023 17:00:00
085,Ava Allen,94,A,08-06-2023 09:30:00
086,Charlotte Davis,71,C,08-06-2023 11:00:00
087,Benjamin Garcia,84,B,08-06-2023 12:45:00
088,Aria Hill,67,D,08-06-2023 14:15:00
089,Oliver Adams,89,B,08-06-2023 15:45:00
090,Evelyn Smith,75,C,08-06-2023 17:30:00
091,Noah Thompson,95,A,09-06-2023 09:00:00
092,Mila Wilson,77,C,09-06-2023 10:30:00
093,Aiden Hernandez,80,A,09-06-2023 12:15:00
094,Luna Moore,63,D,09-06-2023 13:45:00
095,Grayson Clark,88,B,09-06-2023 15:30:00
096,Harper Davis,72,C,09-06-2023 17:00:00
097,Samuel Adams,92,A,10-06-2023 09:30:00
098,Ava Lee,75,C,10-06-2023 11:00:00
099,Liam Moore,81,B,10-06-2023 12:45:00
100,Lily Hernandez,66,D,10-06-2023 14:15:00
011,ddds,1,E,25-05-2023 15:04:30